﻿<?xml version="1.0"?>
<doc>
<assembly>
<name>
proyectoeura
</name>
</assembly>
<members>
<member name="T:proyecto_eura.salidas.entradaDataTable">
	<summary>
Represents the strongly named DataTable class.
</summary>
</member><member name="T:proyecto_eura.salidas.obra_destinoDataTable">
	<summary>
Represents the strongly named DataTable class.
</summary>
</member><member name="T:proyecto_eura.salidas.salidaDataTable">
	<summary>
Represents the strongly named DataTable class.
</summary>
</member><member name="T:proyecto_eura.salidas.entradaRow">
	<summary>
Represents strongly named DataRow class.
</summary>
</member><member name="T:proyecto_eura.salidas.obra_destinoRow">
	<summary>
Represents strongly named DataRow class.
</summary>
</member><member name="T:proyecto_eura.salidas.salidaRow">
	<summary>
Represents strongly named DataRow class.
</summary>
</member><member name="T:proyecto_eura.salidas.entradaRowChangeEvent">
	<summary>
Row event argument class
</summary>
</member><member name="T:proyecto_eura.salidas.obra_destinoRowChangeEvent">
	<summary>
Row event argument class
</summary>
</member><member name="T:proyecto_eura.salidas.salidaRowChangeEvent">
	<summary>
Row event argument class
</summary>
</member><member name="T:proyecto_eura.salidas">
	<summary>
Represents a strongly typed in-memory cache of data.
</summary>
</member><member name="T:proyecto_eura.salidasTableAdapters.entradaTableAdapter">
	<summary>
Represents the connection and commands used to retrieve and save data.
</summary>
</member><member name="T:proyecto_eura.salidasTableAdapters.obra_destinoTableAdapter">
	<summary>
Represents the connection and commands used to retrieve and save data.
</summary>
</member><member name="T:proyecto_eura.salidasTableAdapters.salidaTableAdapter">
	<summary>
Represents the connection and commands used to retrieve and save data.
</summary>
</member><member name="M:proyecto_eura.salidasTableAdapters.TableAdapterManager.UpdateUpdatedRows(proyecto_eura.salidas,System.Collections.Generic.List{System.Data.DataRow},System.Collections.Generic.List{System.Data.DataRow})">
	<summary>
Update rows in top-down order.
</summary>
</member><member name="M:proyecto_eura.salidasTableAdapters.TableAdapterManager.UpdateInsertedRows(proyecto_eura.salidas,System.Collections.Generic.List{System.Data.DataRow})">
	<summary>
Insert rows in top-down order.
</summary>
</member><member name="M:proyecto_eura.salidasTableAdapters.TableAdapterManager.UpdateDeletedRows(proyecto_eura.salidas,System.Collections.Generic.List{System.Data.DataRow})">
	<summary>
Delete rows in bottom-up order.
</summary>
</member><member name="M:proyecto_eura.salidasTableAdapters.TableAdapterManager.GetRealUpdatedRows(System.Data.DataRow[],System.Collections.Generic.List{System.Data.DataRow})">
	<summary>
Remove inserted rows that become updated rows after calling TableAdapter.Update(inserted rows) first
</summary>
</member><member name="M:proyecto_eura.salidasTableAdapters.TableAdapterManager.UpdateAll(proyecto_eura.salidas)">
	<summary>
Update all changes to the dataset.
</summary>
</member><member name="T:proyecto_eura.salidasTableAdapters.TableAdapterManager.UpdateOrderOption">
	<summary>
Update Order Option
</summary>
</member><member name="T:proyecto_eura.salidasTableAdapters.TableAdapterManager.SelfReferenceComparer">
	<summary>
Used to sort self-referenced table's rows
</summary>
</member><member name="T:proyecto_eura.salidasTableAdapters.TableAdapterManager">
	<summary>
TableAdapterManager is used to coordinate TableAdapters in the dataset to enable Hierarchical Update scenarios
</summary>
</member><member name="P:proyecto_eura.My.Resources.Resources.ResourceManager">
	<summary>
  Devuelve la instancia de ResourceManager almacenada en caché utilizada por esta clase.
</summary>
</member><member name="P:proyecto_eura.My.Resources.Resources.Culture">
	<summary>
  Reemplaza la propiedad CurrentUICulture del subproceso actual para todas las
  búsquedas de recursos mediante esta clase de recurso fuertemente tipado.
</summary>
</member><member name="T:proyecto_eura.My.Resources.Resources">
	<summary>
  Clase de recurso fuertemente tipado, para buscar cadenas traducidas, etc.
</summary>
</member><member name="T:proyecto_eura.movimientos.empleadoDataTable">
	<summary>
Represents the strongly named DataTable class.
</summary>
</member><member name="T:proyecto_eura.movimientos.movimientos_sistemaDataTable">
	<summary>
Represents the strongly named DataTable class.
</summary>
</member><member name="T:proyecto_eura.movimientos.empleadoRow">
	<summary>
Represents strongly named DataRow class.
</summary>
</member><member name="T:proyecto_eura.movimientos.movimientos_sistemaRow">
	<summary>
Represents strongly named DataRow class.
</summary>
</member><member name="T:proyecto_eura.movimientos.empleadoRowChangeEvent">
	<summary>
Row event argument class
</summary>
</member><member name="T:proyecto_eura.movimientos.movimientos_sistemaRowChangeEvent">
	<summary>
Row event argument class
</summary>
</member><member name="T:proyecto_eura.movimientos">
	<summary>
Represents a strongly typed in-memory cache of data.
</summary>
</member><member name="T:proyecto_eura.movimientosTableAdapters.empleadoTableAdapter">
	<summary>
Represents the connection and commands used to retrieve and save data.
</summary>
</member><member name="T:proyecto_eura.movimientosTableAdapters.movimientos_sistemaTableAdapter">
	<summary>
Represents the connection and commands used to retrieve and save data.
</summary>
</member><member name="M:proyecto_eura.movimientosTableAdapters.TableAdapterManager.UpdateUpdatedRows(proyecto_eura.movimientos,System.Collections.Generic.List{System.Data.DataRow},System.Collections.Generic.List{System.Data.DataRow})">
	<summary>
Update rows in top-down order.
</summary>
</member><member name="M:proyecto_eura.movimientosTableAdapters.TableAdapterManager.UpdateInsertedRows(proyecto_eura.movimientos,System.Collections.Generic.List{System.Data.DataRow})">
	<summary>
Insert rows in top-down order.
</summary>
</member><member name="M:proyecto_eura.movimientosTableAdapters.TableAdapterManager.UpdateDeletedRows(proyecto_eura.movimientos,System.Collections.Generic.List{System.Data.DataRow})">
	<summary>
Delete rows in bottom-up order.
</summary>
</member><member name="M:proyecto_eura.movimientosTableAdapters.TableAdapterManager.GetRealUpdatedRows(System.Data.DataRow[],System.Collections.Generic.List{System.Data.DataRow})">
	<summary>
Remove inserted rows that become updated rows after calling TableAdapter.Update(inserted rows) first
</summary>
</member><member name="M:proyecto_eura.movimientosTableAdapters.TableAdapterManager.UpdateAll(proyecto_eura.movimientos)">
	<summary>
Update all changes to the dataset.
</summary>
</member><member name="T:proyecto_eura.movimientosTableAdapters.TableAdapterManager.UpdateOrderOption">
	<summary>
Update Order Option
</summary>
</member><member name="T:proyecto_eura.movimientosTableAdapters.TableAdapterManager.SelfReferenceComparer">
	<summary>
Used to sort self-referenced table's rows
</summary>
</member><member name="T:proyecto_eura.movimientosTableAdapters.TableAdapterManager">
	<summary>
TableAdapterManager is used to coordinate TableAdapters in the dataset to enable Hierarchical Update scenarios
</summary>
</member><member name="T:proyecto_eura.entradas.empleadoDataTable">
	<summary>
Represents the strongly named DataTable class.
</summary>
</member><member name="T:proyecto_eura.entradas.entradaDataTable">
	<summary>
Represents the strongly named DataTable class.
</summary>
</member><member name="T:proyecto_eura.entradas.proveedorDataTable">
	<summary>
Represents the strongly named DataTable class.
</summary>
</member><member name="T:proyecto_eura.entradas.empleadoRow">
	<summary>
Represents strongly named DataRow class.
</summary>
</member><member name="T:proyecto_eura.entradas.entradaRow">
	<summary>
Represents strongly named DataRow class.
</summary>
</member><member name="T:proyecto_eura.entradas.proveedorRow">
	<summary>
Represents strongly named DataRow class.
</summary>
</member><member name="T:proyecto_eura.entradas.empleadoRowChangeEvent">
	<summary>
Row event argument class
</summary>
</member><member name="T:proyecto_eura.entradas.entradaRowChangeEvent">
	<summary>
Row event argument class
</summary>
</member><member name="T:proyecto_eura.entradas.proveedorRowChangeEvent">
	<summary>
Row event argument class
</summary>
</member><member name="T:proyecto_eura.entradas">
	<summary>
Represents a strongly typed in-memory cache of data.
</summary>
</member><member name="T:proyecto_eura.entradasTableAdapters.empleadoTableAdapter">
	<summary>
Represents the connection and commands used to retrieve and save data.
</summary>
</member><member name="T:proyecto_eura.entradasTableAdapters.entradaTableAdapter">
	<summary>
Represents the connection and commands used to retrieve and save data.
</summary>
</member><member name="T:proyecto_eura.entradasTableAdapters.proveedorTableAdapter">
	<summary>
Represents the connection and commands used to retrieve and save data.
</summary>
</member><member name="M:proyecto_eura.entradasTableAdapters.TableAdapterManager.UpdateUpdatedRows(proyecto_eura.entradas,System.Collections.Generic.List{System.Data.DataRow},System.Collections.Generic.List{System.Data.DataRow})">
	<summary>
Update rows in top-down order.
</summary>
</member><member name="M:proyecto_eura.entradasTableAdapters.TableAdapterManager.UpdateInsertedRows(proyecto_eura.entradas,System.Collections.Generic.List{System.Data.DataRow})">
	<summary>
Insert rows in top-down order.
</summary>
</member><member name="M:proyecto_eura.entradasTableAdapters.TableAdapterManager.UpdateDeletedRows(proyecto_eura.entradas,System.Collections.Generic.List{System.Data.DataRow})">
	<summary>
Delete rows in bottom-up order.
</summary>
</member><member name="M:proyecto_eura.entradasTableAdapters.TableAdapterManager.GetRealUpdatedRows(System.Data.DataRow[],System.Collections.Generic.List{System.Data.DataRow})">
	<summary>
Remove inserted rows that become updated rows after calling TableAdapter.Update(inserted rows) first
</summary>
</member><member name="M:proyecto_eura.entradasTableAdapters.TableAdapterManager.UpdateAll(proyecto_eura.entradas)">
	<summary>
Update all changes to the dataset.
</summary>
</member><member name="T:proyecto_eura.entradasTableAdapters.TableAdapterManager.UpdateOrderOption">
	<summary>
Update Order Option
</summary>
</member><member name="T:proyecto_eura.entradasTableAdapters.TableAdapterManager.SelfReferenceComparer">
	<summary>
Used to sort self-referenced table's rows
</summary>
</member><member name="T:proyecto_eura.entradasTableAdapters.TableAdapterManager">
	<summary>
TableAdapterManager is used to coordinate TableAdapters in the dataset to enable Hierarchical Update scenarios
</summary>
</member>
</members>
</doc>